<?xml version="1.0" encoding="UTF-8"?>
<!DOCTYPE configuration PUBLIC "-//mybatis.org//DTD Config 3.0//EN" 
"http://mybatis.org/dtd/mybatis-3-config.dtd">
<configuration>
<!-- 
   	<typeAliases>
   		<typeAlias alias ="dVO" type ="com.vo.DeptVO"/>
	</typeAliases>
 -->	
    <settings>

        <setting name="jdbcTypeForNull" value="NULL"/>

    </settings>
	<mappers>
		<mapper resource="com/mybatis/mapper/product.xml"/>
		<mapper resource="com/mybatis/mapper/buy.xml"/>
		<mapper resource="com/mybatis/mapper/qna.xml"/>
		<mapper resource="com/mybatis/mapper/cart.xml"/>
		<mapper resource="com/mybatis/mapper/review.xml"/>
		<mapper resource="com/mybatis/mapper/member.xml"/>
	</mappers>
</configuration>