<?xml version="1.0" encoding="UTF-8" ?> 
<!DOCTYPE mapper
 PUBLIC "-//mybatis.org//DTD Mapper 3.0//EN"
 "http://mybatis.org/dtd/mybatis-3-mapper.dtd"> 
<mapper namespace="com.gotrip.tour.member.MemberDAO">

<insert id="register" parameterType="com.gotrip.tour.member.MemberVO">
		INSERT into member(mem_no, mem_id, mem_pw, mem_name, mem_tel, mem_email, mem_type)
		VALUES(seq_mem_no.nextval, #{mem_id}, #{mem_pw}, #{mem_name}, #{mem_tel}, #{mem_email}, '회원')
</insert>

<select id="login" resultType="com.gotrip.tour.member.MemberVO">
		SELECT *
	  	FROM member
	 	WHERE mem_id = #{mem_id}
	    AND mem_pw = #{mem_pw}
</select>

<select id="idCheck" parameterType="String" resultType="com.gotrip.tour.member.MemberVO">
		SELECT mem_id
		FROM member
		WHERE mem_id = #{mem_id}
</select>

<select id="findId" resultType="String">
		SELECT mem_id
		FROM member
		WHERE mem_name = #{mem_name}
		AND mem_email = #{mem_email}
</select>

<select id="findPw" resultType="String">
		SELECT mem_pw
		FROM member
		WHERE mem_id = #{mem_id}
		AND mem_name = #{mem_name}
		AND mem_email = #{mem_email}
</select>

<update id="memberEdit" parameterType="com.gotrip.tour.member.MemberVO">
		UPDATE member
		SET mem_pw = #{mem_pw}, mem_tel = #{mem_tel}, mem_email = #{mem_email} 
		WHERE mem_id = #{mem_id} 
</update>

<delete id="memberDelete" parameterType="com.gotrip.tour.member.MemberVO">
		DELETE FROM member
		WHERE mem_id = #{mem_id}
		AND mem_pw = #{mem_pw}
</delete>

</mapper>