<?xml version="1.0" encoding="UTF-8" ?> 
<!DOCTYPE mapper
 PUBLIC "-//mybatis.org//DTD Mapper 3.0//EN"
 "http://mybatis.org/dtd/mybatis-3-mapper.dtd">
<mapper namespace="com.gotrip.tour.product.ProductDAO">

	<!-- 번호세기 -->
	<select id="commentCount" resultType="int">
		SELECT COUNT(PRO_NO)
		FROM PRODUCT
	</select>

	<!--상품리스트보기 -->
	<select id="getAllProRecord" resultType="map"
		parameterType="map">
		SELECT p.pro_no ,p.pro_detail, p.pro_title, p.pro_hit, p.pro_price,
		p.pro_start, p.pro_end , p.pro_img
		FROM PRODUCT p
		order by pro_no
	</select>
	
	<select id="getAllProRecordKor" resultType="map"
		parameterType="map">
		SELECT p.pro_no ,p.pro_detail, p.pro_title, p.pro_hit, p.pro_price,
		p.pro_start, p.pro_end , p.pro_img
		FROM PRODUCT p
		WHERE p.pro_type = '국내'
		order by pro_no
	</select>
	
	<select id="getAllProRecordForeign" resultType="map"
		parameterType="map">
		SELECT p.pro_no ,p.pro_detail, p.pro_title, p.pro_hit, p.pro_price,
		p.pro_start, p.pro_end , p.pro_img
		FROM PRODUCT p
		WHERE p.pro_type = '해외'
		order by pro_no
	</select>

	<!--상품상세보기 -->
	<select id="getAllProRecord2" resultType="map"
		parameterType="map">
		SELECT p.pro_no ,p.pro_detail, p.pro_title, p.pro_hit, p.pro_price,
		p.pro_start, p.pro_end , p.pro_img, p.pro_area, p.pro_map
		FROM PRODUCT p
		<where>
			p.pro_no = #{pro_no}
		</where>
		order by pro_no
	</select>

	<!-- 상품등록 -->
	<!--insert id="productInsert" parameterType="com.gotrip.tour.product.ProductVO" 
		> insert into product(pro_no, pro_type, pro_title, pro_area, pro_detail, 
		pro_price, pro_start, pro_end, pro_date, pro_hit, pro_img) values(seq_pro_no.nextval, 
		#{pro_type}, #{pro_title}, #{pro_area}, #{pro_detail}, #{pro_price}, #{pro_start}, 
		#{pro_end}, TO_CHAR(SYSDATE,'YYYYMMDD'), 1, #{pro_img}) </insert -->
	<insert id="productInsert" parameterType="com.gotrip.tour.product.ProductVO">
		insert into
		product(pro_no, pro_type, pro_title, pro_area, pro_detail, pro_price,
		pro_start, pro_end, pro_date, pro_hit, pro_img)
		values(seq_pro_no.nextval, #{pro_type}, #{pro_title}, #{pro_area}, #{pro_detail}, #{pro_price},
		#{pro_start}, #{pro_end}, TO_CHAR(SYSDATE,'YYYYMMDD'), 1, #{image_url})
	</insert>

	<update id="productUpdatehit">
		update product
		set pro_hit = pro_hit + 1
		where pro_no = #{pro_no}
	</update>
	
	<select resultType="com.gotrip.tour.product.ProductVO"
		id="productSelect">

		select pro_no , pro_detail, pro_title, pro_hit, pro_price, pro_start,
		pro_end , pro_img
		from product
		where pro_no=#{pro_no}
	</select>

	<!-- <select id="productSelect" resultType="com.gotrip.tour.product.ProductVO"> 
		select pro_title, pro_detail, pro_start, pro_end from product where pro_no=#{pro_no} 
		</select> -->
	<!-- 상품수정 -->

	<update id="productUpdate"
		parameterType="com.gotrip.tour.product.ProductVO">
		update product
		set
		pro_no=#{pro_no},
		pro_type=#{pro_type},
		pro_area=#{pro_area},
		pro_price=#{pro_price},
		pro_title=#{pro_title},
		pro_detail=#{pro_detail},
		pro_date=TO_CHAR(SYSDATE,'YYYYMMDD'),
		pro_img=1
		<where>
			pro_no=#{pro_no}
		</where>
	</update>

	<delete id="productDelete">
		delete from product where pro_no=#{pro_no}
	</delete>

</mapper>
