<?xml version="1.0" encoding="UTF-8" ?> 
<!DOCTYPE mapper
 PUBLIC "-//mybatis.org//DTD Mapper 3.0//EN"
 "http://mybatis.org/dtd/mybatis-3-mapper.dtd"> 
<mapper namespace="com.gotrip.tour.qna.QnaDAO">

	<select id="list" resultType="com.gotrip.tour.qna.QnADTO">
		SELECT a.qna_no,a.qna_title,a.qna_answer,to_char(a.qna_date,'YYYY-MM-DD') as qna_date,b.mem_name,b.mem_id FROM QNA a LEFT OUTER JOIN MEMBER b on a.mem_no = b.mem_no order by a.qna_no desc
	</select>
	<select id="getView" parameterType="int" resultType="com.gotrip.tour.qna.QnADTO">
		select a.qna_no,(select b.mem_type from member b where b.mem_no=a.mem_no)as mem_type,(select b.mem_name from member b where b.mem_no=a.mem_no)as mem_name,(select b.mem_id from member b where b.mem_no=a.mem_no)as mem_id,to_char(a.qna_date,'YYYY-MM-DD') as qna_date,a.qna_title,a.qna_detail,a.qna_answer,a.mem_no from QNA a where a.qna_no = ${value}
	</select>

	<select id="getMem_no" parameterType="String" resultType="String">
		select mem_no from member where mem_id = '${value}'
	</select>

	<select id="getRowCnt" resultType="Integer">
		select count(*) from qna
	</select>



	<insert id="add" parameterType="com.gotrip.tour.qna.QnADTO">
	    <selectKey resultType="INTEGER" keyProperty="qna_no" order="BEFORE">
        	SELECT MAX(qna_no)+1 FROM qna
    	</selectKey> 
		insert into qna(qna_no,mem_no,qna_title,qna_detail,qna_date) values(#{qna_no},#{mem_no},#{qna_title},#{qna_detail},SYSDATE)
	</insert>
	
	<update id="update" parameterType="com.gotrip.tour.qna.QnADTO">
		update qna 
		<set>
			<if test="qna_title!=null || qna_title !=''">qna_title = #{qna_title},</if>
			<if test="qna_detail!=null || qna_detail !=''">qna_detail = #{qna_detail},</if>
			<if test="qna_answer!=null || qna_answer !=''">qna_answer = #{qna_answer,jdbcType=VARCHAR},</if>
			<if test="qna_date!=null || qna_date!=''">qna_date = SYSDATE,</if>
		</set>
		 where qna_no = #{qna_no}
	</update>

	<delete id="delete" parameterType="int">
		delete from qna where qna_no = ${value}
	</delete>

</mapper>