<?xml version="1.0" encoding="UTF-8" ?> 
<!DOCTYPE mapper
 PUBLIC "-//mybatis.org//DTD Mapper 3.0//EN"
 "http://mybatis.org/dtd/mybatis-3-mapper.dtd">
<mapper namespace="com.gotrip.tour.review.ReviewDAO">

	<!-- 번호세기 -->
	<select id="commentCount" resultType="int">
		SELECT COUNT(rev_NO)
		FROM review
	</select>

	<!--상품리스트보기 -->
	<select id="getAllRevRecord" resultType="map"
		parameterType="map">
		SELECT p.rev_no , p.rev_title, p.rev_img, p.rev_hit, p.mem_name
		FROM review p
		order by rev_no
	</select>

	<!--상품상세보기 -->
	<select id="getAllRevRecord2" resultType="map"
		parameterType="map">
		SELECT p.rev_no, p.rev_detail, p.rev_title, p.rev_img, p.mem_name
		FROM review p
		left OUTER JOIN MEMBER m
		ON (p.mem_no = m.mem_no)
		<where>
			p.rev_no = #{rev_no}
		</where>
		order by rev_no
	</select>

	<!-- 상품등록 -->
	<!--insert id="productInsert" parameterType="com.gotrip.tour.product.ProductVO" 
		> insert into product(pro_no, pro_type, pro_title, pro_area, pro_detail, 
		pro_price, pro_start, pro_end, pro_date, pro_hit, pro_img) values(seq_pro_no.nextval, 
		#{pro_type}, #{pro_title}, #{pro_area}, #{pro_detail}, #{pro_price}, #{pro_start}, 
		#{pro_end}, TO_CHAR(SYSDATE,'YYYYMMDD'), 1, #{pro_img}) </insert -->
	<insert id="reviewInsert" parameterType="com.gotrip.tour.review.ReviewVO">
		insert into
		review(rev_no, rev_title, rev_detail, rev_img, rev_date, rev_hit, mem_no, timg_no, dimg_no, mem_name)
		values(seq_rev_no.nextval, #{rev_title}, #{rev_detail}, #{image_url},  TO_CHAR(SYSDATE,'YYYYMMDD'), 1, 1, 1, 1, #{mem_name})
	</insert>

	<update id="reviewUpdatehit">
		update review
		set rev_hit = rev_hit + 1
		where rev_no = #{rev_no}
	</update>
	
	<select resultType="com.gotrip.tour.review.ReviewVO"
		id="reviewSelect">

		select rev_no , rev_detail, rev_title, rev_img
		from review
		where rev_no=#{rev_no}
	</select>

	<!-- <select id="productSelect" resultType="com.gotrip.tour.product.ProductVO"> 
		select pro_title, pro_detail, pro_start, pro_end from product where pro_no=#{pro_no} 
		</select> -->
	<!-- 상품수정 -->

	<update id="reviewUpdate"
		parameterType="com.gotrip.tour.review.ReviewVO">
		update review
		set
		rev_no=#{rev_no},
		rev_title=#{rev_title},
		rev_detail=#{rev_detail},
		rev_date=TO_CHAR(SYSDATE,'YYYYMMDD'),
		rev_img=1
		<where>
			rev_no=#{rev_no}
		</where>
	</update>

	<delete id="reviewDelete">
		delete from review where rev_no=#{rev_no}
	</delete>

</mapper>
