<?xml version="1.0" encoding="UTF-8"?>
<beans:beans xmlns="http://www.springframework.org/schema/mvc"
	xmlns:xsi="http://www.w3.org/2001/XMLSchema-instance"
	xmlns:beans="http://www.springframework.org/schema/beans"
	xmlns:context="http://www.springframework.org/schema/context"
	xsi:schemaLocation="http://www.springframework.org/schema/mvc https://www.springframework.org/schema/mvc/spring-mvc.xsd
		http://www.springframework.org/schema/beans https://www.springframework.org/schema/beans/spring-beans.xsd
		http://www.springframework.org/schema/context https://www.springframework.org/schema/context/spring-context.xsd">

	<!-- DispatcherServlet Context: defines this servlet's request-processing infrastructure -->
	
	<!-- Enables the Spring MVC @Controller programming model -->
	<annotation-driven />
	<resources mapping="/resources/**" location="/resources/" />
	<resources mapping="/image/**" location="/image/" />
	<resources mapping="/plugin/**" location="/plugin/" />
	<!-- resources mapping="/imgUpload/**" location="/resources/imgUpload/" /--> 	<!-- 일반 파일 업로드 경로 -->
	
	<!--  resources mapping="/imgUpload/**" location="/imgUpload/"/ -->
		<!-- Resolves views selected for rendering by @Controllers to .jsp resources in the /WEB-INF/views directory -->
	<beans:bean class="org.springframework.web.servlet.view.InternalResourceViewResolver">
		<beans:property name="prefix" value="/WEB-INF/views/" />
		<beans:property name="suffix" value=".jsp" />
	</beans:bean>
	
		<!-- 오라클서버 위치와 id, 비번, DataSource객체 생성 -->
	<beans:bean name="dataSource" class="org.springframework.jdbc.datasource.DriverManagerDataSource">
		<beans:property name="driverClassName" value="oracle.jdbc.driver.OracleDriver"></beans:property>
		<beans:property name="url" value="jdbc:oracle:thin:@gotrip.c8vcpwnymyd5.ap-northeast-2.rds.amazonaws.com:1521:orcl"></beans:property>
		<beans:property name="username" value="admin"></beans:property>
		<beans:property name="password" value="gotrip0407"></beans:property>
	</beans:bean>
	
	<!-- Mybatis 객체 생성 -SqlSessionFactory Bean 객체생성, SqlSessionTemplate 객체생성 -->
	<beans:bean id="sqlSessionFactory" class="org.mybatis.spring.SqlSessionFactoryBean">
		<beans:property name="dataSource" ref="dataSource"></beans:property>
		<beans:property name="mapperLocations">
			<beans:list>
				<beans:value>classpath*:com/mybatis/mapper/*.xml</beans:value>
			</beans:list>
		</beans:property>
	</beans:bean>
	<beans:bean id="sqlSession" class="org.mybatis.spring.SqlSessionTemplate">
		<beans:constructor-arg index="0" ref="sqlSessionFactory"></beans:constructor-arg>
	</beans:bean>

		<!-- Mybatis 객체 생성 -->
	<context:component-scan base-package="com.gotrip.tour.*" />
	<context:component-scan base-package="com.gotrip..*" />
	<context:component-scan base-package="com.mybatis.mapper" />	
	<context:component-scan base-package="com.util" />	
	
	<!-- 업로드 패스 설정 --> 
	<beans:bean class="java.lang.String" id="uploadPath">
 	 <beans:constructor-arg value="D:\\final_project_workspace\\Gotrip\\src\\main\\webapp\\resources\\imgUpload\\" />	 
	</beans:bean>
	
	<beans:bean id="multipartResolver" class="org.springframework.web.multipart.commons.CommonsMultipartResolver">
		<beans:property name="maxUploadSize" value="104857600"/>
	</beans:bean>
	
</beans:beans>